,Productno,Product,Presentprice,Pastprice,Offer,Rating
0, 1, Apple iPad (7th Gen) 32 GB ROM 10.2 inch with Wi-Fi Onl...," 25,900 INR"," 29,900 INR", 13% off,4.7
1, 2, Apple iPad (7th Gen) 128 GB ROM 10.2 inch with Wi-Fi On...," 33,900 INR"," 37,900 INR", 10% off,4.7
2, 3, Apple iPad (7th Gen) 128 GB ROM 10.2 inch with Wi-Fi On...," 33,900 INR"," 35,200 INR", 3% off,4.7
3, 4, Apple iPad (7th Gen) 32 GB ROM 10.2 inch with Wi-Fi Onl...," 25,900 INR"," 29,900 INR", 13% off,4.7
4, 5, Apple ipad Mini (2019) 64 GB ROM 7.9 inch with Wi-Fi On...," 32,900 INR"," 34,900 INR", 5% off,4.7
5, 6, Apple iPad Air 64 GB ROM 10.5 inch with Wi-Fi Only (Spa...," 41,990 INR"," 44,900 INR", 6% off,4.7
6, 7, Apple iPad (7th Gen) 32 GB ROM 10.2 inch with Wi-Fi Onl...," 25,900 INR"," 29,900 INR", 13% off,4.7
7, 8, Apple ipad Mini (2019) 64 GB ROM 7.9 inch with Wi-Fi On...," 32,900 INR"," 34,900 INR", 5% off,4.7
8, 9, Apple iPad (7th Gen) 128 GB ROM 10.2 inch with Wi-Fi On...," 33,900 INR"," 35,200 INR", 3% off,4.7
9, 10, Apple iPad Air 64 GB ROM 10.5 inch with Wi-Fi Only (Sil...," 44,900 INR", one INR, None,4.7
10, 11, Apple iPad Air 256 GB ROM 10.5 inch with Wi-Fi Only (Sp...," 54,900 INR"," 58,900 INR", 6% off,4.7
11, 12, Apple ipad Mini (2019) 64 GB ROM 7.9 inch with Wi-Fi On...," 32,900 INR"," 34,900 INR", 5% off,4.7
12, 13, Apple iPad (7th Gen) 128 GB ROM 10.2 inch with Wi-Fi+4G...," 46,900 INR"," 48,900 INR", 4% off,4.7
13, 14, Apple iPad (7th Gen) 128 GB ROM 10.2 inch with Wi-Fi+4G...," 46,900 INR"," 48,900 INR", 4% off,4.7
14, 15, Apple iPad (7th Gen) 128 GB ROM 10.2 inch with Wi-Fi+4G...," 46,900 INR"," 48,900 INR", 4% off,4.7
15, 16, Apple ipad Mini (2019) 256 GB ROM 7.9 inch with Wi-Fi O...," 46,900 INR"," 48,900 INR", 4% off,4.7
16, 17, Apple iPad (7th Gen) 32 GB ROM 10.2 inch with Wi-Fi+4G ...," 38,900 INR"," 40,900 INR", 4% off,4.7
17, 18, Apple iPad (7th Gen) 32 GB ROM 10.2 inch with Wi-Fi+4G ...," 38,900 INR"," 40,900 INR", 4% off,4.7
18, 19, Apple ipad Mini (2019) 256 GB ROM 7.9 inch with Wi-Fi+4...," 54,900 INR"," 59,900 INR", 8% off,4.7
19, 20, Apple ipad Mini (2019) 64 GB ROM 7.9 inch with Wi-Fi+4G...," 43,900 INR"," 45,900 INR", 4% off,4.7
20, 21, Apple ipad Mini (2019) 256 GB ROM 7.9 inch with Wi-Fi+4...," 54,900 INR"," 59,900 INR", 8% off,4.7
21, 22, Apple ipad Mini (2019) 64 GB ROM 7.9 inch with Wi-Fi+4G...," 43,900 INR"," 45,900 INR", 4% off,4.7
22, 23, Apple ipad Mini (2019) 256 GB ROM 7.9 inch with Wi-Fi O...," 46,900 INR"," 48,900 INR", 4% off,4.7
23, 24, Apple iPad Air 256 GB ROM 10.5 inch with Wi-Fi Only (Si...," 56,900 INR"," 58,900 INR", 3% off,4.7
24, 25, Apple iPad Air 64 GB ROM 10.5 inch with Wi-Fi Only (Gol...," 44,900 INR", one INR, None,4.7
25, 26, Apple ipad Mini (2019) 256 GB ROM 7.9 inch with Wi-Fi+4...," 54,900 INR"," 59,900 INR", 8% off,4.7
26, 27, Apple ipad Mini (2019) 64 GB ROM 7.9 inch with Wi-Fi+4G...," 43,900 INR"," 45,900 INR", 4% off,4.7
27, 28, Apple iPad Pro 2020 (2nd Generation) 6 GB RAM 256 GB RO...," 94,900 INR", one INR, None,4.8
28, 29, Apple iPad Pro 2020 (2nd Generation) 6 GB RAM 512 GB RO...," 98,900 INR", one INR, None,4.8
29, 30, Apple ipad Mini (2019) 256 GB ROM 7.9 inch with Wi-Fi O...," 46,900 INR"," 48,900 INR", 4% off,4.7
30, 31, Apple iPad (7th Gen) 32 GB ROM 10.2 inch with Wi-Fi+4G ...," 38,900 INR"," 40,900 INR", 4% off,4.7
31, 32, Apple iPad Pro 2020 (2nd Generation) 6 GB RAM 1 TB ROM ...," 1,16,900 INR", one INR, None,4.8
32, 33, Apple iPad Pro 2020 (4th Generation) 6 GB RAM 512 GB RO...," 1,30,900 INR", one INR, None,4.8
33, 34, Apple iPad Pro 2020 (2nd Generation) 6 GB RAM 512 GB RO...," 98,900 INR", one INR, None,4.8
34, 35, Apple iPad Pro 2020 (4th Generation) 6 GB RAM 512 GB RO...," 1,30,900 INR", one INR, None,4.8
35, 36, Apple iPad Pro 2020 (2nd Generation) 6 GB RAM 512 GB RO...," 1,12,900 INR", one INR, None,4.8
36, 37, Apple iPad Pro 2020 (4th Generation) 6 GB RAM 1 TB ROM ...," 1,48,900 INR", one INR, None,4.8
37, 38, Apple iPad Pro 2020 (2nd Generation) 6 GB RAM 512 GB RO...," 1,12,900 INR", one INR, None,4.8
38, 39, Apple iPad Pro 2020 (2nd Generation) 6 GB RAM 1 TB ROM ...," 1,30,900 INR", one INR, None,4.8
39, 40, Apple iPad Pro 2020 (2nd Generation) 6 GB RAM 1 TB ROM ...," 1,16,900 INR", one INR, None,4.8
40, 41, Apple iPad (7th Gen) 32 GB ROM 10.2 inch with Wi-Fi Onl...," 25,900 INR"," 29,900 INR", 13% off,4.7
41, 42, Apple iPad (7th Gen) 128 GB ROM 10.2 inch with Wi-Fi On...," 33,900 INR"," 37,900 INR", 10% off,4.7
42, 43, Apple iPad (7th Gen) 128 GB ROM 10.2 inch with Wi-Fi On...," 33,900 INR"," 35,200 INR", 3% off,4.7
43, 44, Apple iPad (7th Gen) 32 GB ROM 10.2 inch with Wi-Fi Onl...," 25,900 INR"," 29,900 INR", 13% off,4.7
44, 45, Apple ipad Mini (2019) 64 GB ROM 7.9 inch with Wi-Fi On...," 32,900 INR"," 34,900 INR", 5% off,4.7
45, 46, Apple iPad Air 64 GB ROM 10.5 inch with Wi-Fi Only (Spa...," 41,990 INR"," 44,900 INR", 6% off,4.7
46, 47, Apple iPad (7th Gen) 32 GB ROM 10.2 inch with Wi-Fi Onl...," 25,900 INR"," 29,900 INR", 13% off,4.7
47, 48, Apple ipad Mini (2019) 64 GB ROM 7.9 inch with Wi-Fi On...," 32,900 INR"," 34,900 INR", 5% off,4.7
48, 49, Apple iPad (7th Gen) 128 GB ROM 10.2 inch with Wi-Fi On...," 33,900 INR"," 35,200 INR", 3% off,4.7
49, 50, Apple iPad Air 64 GB ROM 10.5 inch with Wi-Fi Only (Sil...," 44,900 INR", one INR, None,4.7
50, 51, Apple iPad Air 256 GB ROM 10.5 inch with Wi-Fi Only (Sp...," 54,900 INR"," 58,900 INR", 6% off,4.7
51, 52, Apple iPad (7th Gen) 128 GB ROM 10.2 inch with Wi-Fi+4G...," 46,900 INR"," 48,900 INR", 4% off,4.7
52, 53, Apple ipad Mini (2019) 64 GB ROM 7.9 inch with Wi-Fi On...," 32,900 INR"," 34,900 INR", 5% off,4.7
53, 54, Apple iPad (7th Gen) 128 GB ROM 10.2 inch with Wi-Fi+4G...," 46,900 INR"," 48,900 INR", 4% off,4.7
54, 55, Apple iPad (7th Gen) 128 GB ROM 10.2 inch with Wi-Fi+4G...," 46,900 INR"," 48,900 INR", 4% off,4.7
55, 56, Apple iPad (7th Gen) 32 GB ROM 10.2 inch with Wi-Fi+4G ...," 38,900 INR"," 40,900 INR", 4% off,4.7
56, 57, Apple ipad Mini (2019) 256 GB ROM 7.9 inch with Wi-Fi O...," 46,900 INR"," 48,900 INR", 4% off,4.7
57, 58, Apple ipad Mini (2019) 256 GB ROM 7.9 inch with Wi-Fi+4...," 54,900 INR"," 59,900 INR", 8% off,4.7
58, 59, Apple iPad (7th Gen) 32 GB ROM 10.2 inch with Wi-Fi+4G ...," 38,900 INR"," 40,900 INR", 4% off,4.7
59, 60, Apple ipad Mini (2019) 64 GB ROM 7.9 inch with Wi-Fi+4G...," 43,900 INR"," 45,900 INR", 4% off,4.7
60, 61, Apple ipad Mini (2019) 64 GB ROM 7.9 inch with Wi-Fi+4G...," 43,900 INR"," 45,900 INR", 4% off,4.7
61, 62, Apple ipad Mini (2019) 256 GB ROM 7.9 inch with Wi-Fi+4...," 54,900 INR"," 59,900 INR", 8% off,4.7
62, 63, Apple iPad Air 256 GB ROM 10.5 inch with Wi-Fi Only (Si...," 56,900 INR"," 58,900 INR", 3% off,4.7
63, 64, Apple ipad Mini (2019) 256 GB ROM 7.9 inch with Wi-Fi O...," 46,900 INR"," 48,900 INR", 4% off,4.7
64, 65, Apple ipad Mini (2019) 256 GB ROM 7.9 inch with Wi-Fi+4...," 54,900 INR"," 59,900 INR", 8% off,4.7
65, 66, Apple iPad Air 64 GB ROM 10.5 inch with Wi-Fi Only (Gol...," 44,900 INR", one INR, None,4.7
66, 67, Apple ipad Mini (2019) 64 GB ROM 7.9 inch with Wi-Fi+4G...," 43,900 INR"," 45,900 INR", 4% off,4.7
67, 68, Apple iPad Pro 2020 (2nd Generation) 6 GB RAM 256 GB RO...," 94,900 INR", one INR, None,4.8
68, 69, Apple ipad Mini (2019) 256 GB ROM 7.9 inch with Wi-Fi O...," 46,900 INR"," 48,900 INR", 4% off,4.7
69, 70, Apple iPad Pro 2020 (2nd Generation) 6 GB RAM 512 GB RO...," 98,900 INR", one INR, None,4.8
70, 71, Apple iPad (7th Gen) 32 GB ROM 10.2 inch with Wi-Fi+4G ...," 38,900 INR"," 40,900 INR", 4% off,4.7
71, 72, Apple iPad Pro 2020 (4th Generation) 6 GB RAM 512 GB RO...," 1,30,900 INR", one INR, None,4.8
72, 73, Apple iPad Pro 2020 (2nd Generation) 6 GB RAM 1 TB ROM ...," 1,16,900 INR", one INR, None,4.8
73, 74, Apple iPad Pro 2020 (2nd Generation) 6 GB RAM 512 GB RO...," 98,900 INR", one INR, None,4.8
74, 75, Apple iPad Pro 2020 (4th Generation) 6 GB RAM 512 GB RO...," 1,30,900 INR", one INR, None,4.8
75, 76, Apple iPad Pro 2020 (2nd Generation) 6 GB RAM 512 GB RO...," 1,12,900 INR", one INR, None,4.8
76, 77, Apple iPad Pro 2020 (4th Generation) 6 GB RAM 1 TB ROM ...," 1,48,900 INR", one INR, None,4.8
77, 78, Apple iPad Pro 2020 (2nd Generation) 6 GB RAM 512 GB RO...," 1,12,900 INR", one INR, None,4.8
78, 79, Apple iPad Pro 2020 (2nd Generation) 6 GB RAM 1 TB ROM ...," 1,30,900 INR", one INR, None,4.8
79, 80, Apple iPad Pro 2020 (2nd Generation) 6 GB RAM 1 TB ROM ...," 1,16,900 INR", one INR, None,4.8
80, 81, Apple iPad (7th Gen) 32 GB ROM 10.2 inch with Wi-Fi Onl...," 25,900 INR"," 29,900 INR", 13% off,4.7
81, 82, Apple iPad (7th Gen) 128 GB ROM 10.2 inch with Wi-Fi On...," 33,900 INR"," 37,900 INR", 10% off,4.7
82, 83, Apple iPad (7th Gen) 128 GB ROM 10.2 inch with Wi-Fi On...," 33,900 INR"," 35,200 INR", 3% off,4.7
83, 84, Apple iPad (7th Gen) 32 GB ROM 10.2 inch with Wi-Fi Onl...," 25,900 INR"," 29,900 INR", 13% off,4.7
84, 85, Apple ipad Mini (2019) 64 GB ROM 7.9 inch with Wi-Fi On...," 32,900 INR"," 34,900 INR", 5% off,4.7
85, 86, Apple iPad Air 64 GB ROM 10.5 inch with Wi-Fi Only (Spa...," 41,990 INR"," 44,900 INR", 6% off,4.7
86, 87, Apple iPad (7th Gen) 32 GB ROM 10.2 inch with Wi-Fi Onl...," 25,900 INR"," 29,900 INR", 13% off,4.7
87, 88, Apple ipad Mini (2019) 64 GB ROM 7.9 inch with Wi-Fi On...," 32,900 INR"," 34,900 INR", 5% off,4.7
88, 89, Apple iPad (7th Gen) 128 GB ROM 10.2 inch with Wi-Fi On...," 33,900 INR"," 35,200 INR", 3% off,4.7
89, 90, Apple iPad Air 64 GB ROM 10.5 inch with Wi-Fi Only (Sil...," 44,900 INR", one INR, None,4.7
90, 91, Apple iPad Air 256 GB ROM 10.5 inch with Wi-Fi Only (Sp...," 54,900 INR"," 58,900 INR", 6% off,4.7
91, 92, Apple iPad (7th Gen) 128 GB ROM 10.2 inch with Wi-Fi+4G...," 46,900 INR"," 48,900 INR", 4% off,4.7
92, 93, Apple ipad Mini (2019) 64 GB ROM 7.9 inch with Wi-Fi On...," 32,900 INR"," 34,900 INR", 5% off,4.7
93, 94, Apple iPad (7th Gen) 128 GB ROM 10.2 inch with Wi-Fi+4G...," 46,900 INR"," 48,900 INR", 4% off,4.7
94, 95, Apple iPad (7th Gen) 128 GB ROM 10.2 inch with Wi-Fi+4G...," 46,900 INR"," 48,900 INR", 4% off,4.7
95, 96, Apple iPad (7th Gen) 32 GB ROM 10.2 inch with Wi-Fi+4G ...," 38,900 INR"," 40,900 INR", 4% off,4.7
96, 97, Apple ipad Mini (2019) 256 GB ROM 7.9 inch with Wi-Fi O...," 46,900 INR"," 48,900 INR", 4% off,4.7
97, 98, Apple ipad Mini (2019) 256 GB ROM 7.9 inch with Wi-Fi+4...," 54,900 INR"," 59,900 INR", 8% off,4.7
98, 99, Apple iPad (7th Gen) 32 GB ROM 10.2 inch with Wi-Fi+4G ...," 38,900 INR"," 40,900 INR", 4% off,4.7
99, 100, Apple ipad Mini (2019) 64 GB ROM 7.9 inch with Wi-Fi+4G...," 43,900 INR"," 45,900 INR", 4% off,4.7
100, 101, Apple ipad Mini (2019) 64 GB ROM 7.9 inch with Wi-Fi+4G...," 43,900 INR"," 45,900 INR", 4% off,4.7
101, 102, Apple ipad Mini (2019) 256 GB ROM 7.9 inch with Wi-Fi+4...," 54,900 INR"," 59,900 INR", 8% off,4.7
102, 103, Apple iPad Air 256 GB ROM 10.5 inch with Wi-Fi Only (Si...," 56,900 INR"," 58,900 INR", 3% off,4.7
103, 104, Apple ipad Mini (2019) 256 GB ROM 7.9 inch with Wi-Fi O...," 46,900 INR"," 48,900 INR", 4% off,4.7
104, 105, Apple ipad Mini (2019) 256 GB ROM 7.9 inch with Wi-Fi+4...," 54,900 INR"," 59,900 INR", 8% off,4.7
105, 106, Apple iPad Air 64 GB ROM 10.5 inch with Wi-Fi Only (Gol...," 44,900 INR", one INR, None,4.7
106, 107, Apple ipad Mini (2019) 64 GB ROM 7.9 inch with Wi-Fi+4G...," 43,900 INR"," 45,900 INR", 4% off,4.7
107, 108, Apple iPad Pro 2020 (2nd Generation) 6 GB RAM 256 GB RO...," 94,900 INR", one INR, None,4.8
108, 109, Apple ipad Mini (2019) 256 GB ROM 7.9 inch with Wi-Fi O...," 46,900 INR"," 48,900 INR", 4% off,4.7
109, 110, Apple iPad Pro 2020 (2nd Generation) 6 GB RAM 512 GB RO...," 98,900 INR", one INR, None,4.8
110, 111, Apple iPad (7th Gen) 32 GB ROM 10.2 inch with Wi-Fi+4G ...," 38,900 INR"," 40,900 INR", 4% off,4.7
111, 112, Apple iPad Pro 2020 (4th Generation) 6 GB RAM 512 GB RO...," 1,30,900 INR", one INR, None,4.8
112, 113, Apple iPad Pro 2020 (2nd Generation) 6 GB RAM 1 TB ROM ...," 1,16,900 INR", one INR, None,4.8
113, 114, Apple iPad Pro 2020 (2nd Generation) 6 GB RAM 512 GB RO...," 98,900 INR", one INR, None,4.8
114, 115, Apple iPad Pro 2020 (4th Generation) 6 GB RAM 512 GB RO...," 1,30,900 INR", one INR, None,4.8
115, 116, Apple iPad Pro 2020 (2nd Generation) 6 GB RAM 512 GB RO...," 1,12,900 INR", one INR, None,4.8
116, 117, Apple iPad Pro 2020 (4th Generation) 6 GB RAM 1 TB ROM ...," 1,48,900 INR", one INR, None,4.8
117, 118, Apple iPad Pro 2020 (2nd Generation) 6 GB RAM 512 GB RO...," 1,12,900 INR", one INR, None,4.8
118, 119, Apple iPad Pro 2020 (2nd Generation) 6 GB RAM 1 TB ROM ...," 1,30,900 INR", one INR, None,4.8
119, 120, Apple iPad Pro 2020 (2nd Generation) 6 GB RAM 1 TB ROM ...," 1,16,900 INR", one INR, None,4.8
120, 121, Apple iPad (7th Gen) 32 GB ROM 10.2 inch with Wi-Fi Onl...," 25,900 INR"," 29,900 INR", 13% off,4.7
121, 122, Apple iPad (7th Gen) 128 GB ROM 10.2 inch with Wi-Fi On...," 33,900 INR"," 37,900 INR", 10% off,4.7
122, 123, Apple iPad (7th Gen) 128 GB ROM 10.2 inch with Wi-Fi On...," 33,900 INR"," 35,200 INR", 3% off,4.7
123, 124, Apple iPad (7th Gen) 32 GB ROM 10.2 inch with Wi-Fi Onl...," 25,900 INR"," 29,900 INR", 13% off,4.7
124, 125, Apple ipad Mini (2019) 64 GB ROM 7.9 inch with Wi-Fi On...," 32,900 INR"," 34,900 INR", 5% off,4.7
125, 126, Apple iPad Air 64 GB ROM 10.5 inch with Wi-Fi Only (Spa...," 41,990 INR"," 44,900 INR", 6% off,4.7
126, 127, Apple iPad (7th Gen) 32 GB ROM 10.2 inch with Wi-Fi Onl...," 25,900 INR"," 29,900 INR", 13% off,4.7
127, 128, Apple ipad Mini (2019) 64 GB ROM 7.9 inch with Wi-Fi On...," 32,900 INR"," 34,900 INR", 5% off,4.7
128, 129, Apple iPad (7th Gen) 128 GB ROM 10.2 inch with Wi-Fi On...," 33,900 INR"," 35,200 INR", 3% off,4.7
129, 130, Apple iPad Air 64 GB ROM 10.5 inch with Wi-Fi Only (Sil...," 44,900 INR", one INR, None,4.7
130, 131, Apple iPad Air 256 GB ROM 10.5 inch with Wi-Fi Only (Sp...," 54,900 INR"," 58,900 INR", 6% off,4.7
131, 132, Apple iPad (7th Gen) 128 GB ROM 10.2 inch with Wi-Fi+4G...," 46,900 INR"," 48,900 INR", 4% off,4.7
132, 133, Apple ipad Mini (2019) 64 GB ROM 7.9 inch with Wi-Fi On...," 32,900 INR"," 34,900 INR", 5% off,4.7
133, 134, Apple iPad (7th Gen) 128 GB ROM 10.2 inch with Wi-Fi+4G...," 46,900 INR"," 48,900 INR", 4% off,4.7
134, 135, Apple iPad (7th Gen) 128 GB ROM 10.2 inch with Wi-Fi+4G...," 46,900 INR"," 48,900 INR", 4% off,4.7
135, 136, Apple iPad (7th Gen) 32 GB ROM 10.2 inch with Wi-Fi+4G ...," 38,900 INR"," 40,900 INR", 4% off,4.7
136, 137, Apple ipad Mini (2019) 256 GB ROM 7.9 inch with Wi-Fi O...," 46,900 INR"," 48,900 INR", 4% off,4.7
137, 138, Apple ipad Mini (2019) 256 GB ROM 7.9 inch with Wi-Fi+4...," 54,900 INR"," 59,900 INR", 8% off,4.7
138, 139, Apple iPad (7th Gen) 32 GB ROM 10.2 inch with Wi-Fi+4G ...," 38,900 INR"," 40,900 INR", 4% off,4.7
139, 140, Apple ipad Mini (2019) 64 GB ROM 7.9 inch with Wi-Fi+4G...," 43,900 INR"," 45,900 INR", 4% off,4.7
140, 141, Apple ipad Mini (2019) 64 GB ROM 7.9 inch with Wi-Fi+4G...," 43,900 INR"," 45,900 INR", 4% off,4.7
141, 142, Apple ipad Mini (2019) 256 GB ROM 7.9 inch with Wi-Fi+4...," 54,900 INR"," 59,900 INR", 8% off,4.7
142, 143, Apple iPad Air 256 GB ROM 10.5 inch with Wi-Fi Only (Si...," 56,900 INR"," 58,900 INR", 3% off,4.7
143, 144, Apple ipad Mini (2019) 256 GB ROM 7.9 inch with Wi-Fi O...," 46,900 INR"," 48,900 INR", 4% off,4.7
144, 145, Apple ipad Mini (2019) 256 GB ROM 7.9 inch with Wi-Fi+4...," 54,900 INR"," 59,900 INR", 8% off,4.7
145, 146, Apple iPad Air 64 GB ROM 10.5 inch with Wi-Fi Only (Gol...," 44,900 INR", one INR, None,4.7
146, 147, Apple ipad Mini (2019) 64 GB ROM 7.9 inch with Wi-Fi+4G...," 43,900 INR"," 45,900 INR", 4% off,4.7
147, 148, Apple iPad Pro 2020 (2nd Generation) 6 GB RAM 256 GB RO...," 94,900 INR", one INR, None,4.8
148, 149, Apple ipad Mini (2019) 256 GB ROM 7.9 inch with Wi-Fi O...," 46,900 INR"," 48,900 INR", 4% off,4.7
149, 150, Apple iPad Pro 2020 (2nd Generation) 6 GB RAM 512 GB RO...," 98,900 INR", one INR, None,4.8
150, 151, Apple iPad (7th Gen) 32 GB ROM 10.2 inch with Wi-Fi+4G ...," 38,900 INR"," 40,900 INR", 4% off,4.7
151, 152, Apple iPad Pro 2020 (4th Generation) 6 GB RAM 512 GB RO...," 1,30,900 INR", one INR, None,4.8
152, 153, Apple iPad Pro 2020 (2nd Generation) 6 GB RAM 1 TB ROM ...," 1,16,900 INR", one INR, None,4.8
153, 154, Apple iPad Pro 2020 (2nd Generation) 6 GB RAM 512 GB RO...," 98,900 INR", one INR, None,4.8
154, 155, Apple iPad Pro 2020 (4th Generation) 6 GB RAM 512 GB RO...," 1,30,900 INR", one INR, None,4.8
155, 156, Apple iPad Pro 2020 (2nd Generation) 6 GB RAM 512 GB RO...," 1,12,900 INR", one INR, None,4.8
156, 157, Apple iPad Pro 2020 (4th Generation) 6 GB RAM 1 TB ROM ...," 1,48,900 INR", one INR, None,4.8
157, 158, Apple iPad Pro 2020 (2nd Generation) 6 GB RAM 512 GB RO...," 1,12,900 INR", one INR, None,4.8
158, 159, Apple iPad Pro 2020 (2nd Generation) 6 GB RAM 1 TB ROM ...," 1,30,900 INR", one INR, None,4.8
159, 160, Apple iPad Pro 2020 (2nd Generation) 6 GB RAM 1 TB ROM ...," 1,16,900 INR", one INR, None,4.8
160, 161, Apple iPad (7th Gen) 32 GB ROM 10.2 inch with Wi-Fi Onl...," 25,900 INR"," 29,900 INR", 13% off,4.7
161, 162, Apple iPad (7th Gen) 128 GB ROM 10.2 inch with Wi-Fi On...," 33,900 INR"," 37,900 INR", 10% off,4.7
162, 163, Apple iPad (7th Gen) 128 GB ROM 10.2 inch with Wi-Fi On...," 33,900 INR"," 35,200 INR", 3% off,4.7
163, 164, Apple iPad (7th Gen) 32 GB ROM 10.2 inch with Wi-Fi Onl...," 25,900 INR"," 29,900 INR", 13% off,4.7
164, 165, Apple ipad Mini (2019) 64 GB ROM 7.9 inch with Wi-Fi On...," 32,900 INR"," 34,900 INR", 5% off,4.7
165, 166, Apple iPad Air 64 GB ROM 10.5 inch with Wi-Fi Only (Spa...," 41,990 INR"," 44,900 INR", 6% off,4.7
166, 167, Apple iPad (7th Gen) 32 GB ROM 10.2 inch with Wi-Fi Onl...," 25,900 INR"," 29,900 INR", 13% off,4.7
167, 168, Apple ipad Mini (2019) 64 GB ROM 7.9 inch with Wi-Fi On...," 32,900 INR"," 34,900 INR", 5% off,4.7
168, 169, Apple iPad (7th Gen) 128 GB ROM 10.2 inch with Wi-Fi On...," 33,900 INR"," 35,200 INR", 3% off,4.7
169, 170, Apple iPad Air 64 GB ROM 10.5 inch with Wi-Fi Only (Sil...," 44,900 INR", one INR, None,4.7
170, 171, Apple iPad Air 256 GB ROM 10.5 inch with Wi-Fi Only (Sp...," 54,900 INR"," 58,900 INR", 6% off,4.7
171, 172, Apple ipad Mini (2019) 64 GB ROM 7.9 inch with Wi-Fi On...," 32,900 INR"," 34,900 INR", 5% off,4.7
172, 173, Apple iPad (7th Gen) 128 GB ROM 10.2 inch with Wi-Fi+4G...," 46,900 INR"," 48,900 INR", 4% off,4.7
173, 174, Apple iPad (7th Gen) 128 GB ROM 10.2 inch with Wi-Fi+4G...," 46,900 INR"," 48,900 INR", 4% off,4.7
174, 175, Apple iPad (7th Gen) 128 GB ROM 10.2 inch with Wi-Fi+4G...," 46,900 INR"," 48,900 INR", 4% off,4.7
175, 176, Apple ipad Mini (2019) 256 GB ROM 7.9 inch with Wi-Fi O...," 46,900 INR"," 48,900 INR", 4% off,4.7
176, 177, Apple iPad (7th Gen) 32 GB ROM 10.2 inch with Wi-Fi+4G ...," 38,900 INR"," 40,900 INR", 4% off,4.7
177, 178, Apple iPad (7th Gen) 32 GB ROM 10.2 inch with Wi-Fi+4G ...," 38,900 INR"," 40,900 INR", 4% off,4.7
178, 179, Apple ipad Mini (2019) 256 GB ROM 7.9 inch with Wi-Fi+4...," 54,900 INR"," 59,900 INR", 8% off,4.7
179, 180, Apple ipad Mini (2019) 64 GB ROM 7.9 inch with Wi-Fi+4G...," 43,900 INR"," 45,900 INR", 4% off,4.7
180, 181, Apple ipad Mini (2019) 256 GB ROM 7.9 inch with Wi-Fi+4...," 54,900 INR"," 59,900 INR", 8% off,4.7
181, 182, Apple ipad Mini (2019) 64 GB ROM 7.9 inch with Wi-Fi+4G...," 43,900 INR"," 45,900 INR", 4% off,4.7
182, 183, Apple ipad Mini (2019) 256 GB ROM 7.9 inch with Wi-Fi O...," 46,900 INR"," 48,900 INR", 4% off,4.7
183, 184, Apple iPad Air 256 GB ROM 10.5 inch with Wi-Fi Only (Si...," 56,900 INR"," 58,900 INR", 3% off,4.7
184, 185, Apple iPad Air 64 GB ROM 10.5 inch with Wi-Fi Only (Gol...," 44,900 INR", one INR, None,4.7
185, 186, Apple ipad Mini (2019) 256 GB ROM 7.9 inch with Wi-Fi+4...," 54,900 INR"," 59,900 INR", 8% off,4.7
186, 187, Apple ipad Mini (2019) 64 GB ROM 7.9 inch with Wi-Fi+4G...," 43,900 INR"," 45,900 INR", 4% off,4.7
187, 188, Apple iPad Pro 2020 (2nd Generation) 6 GB RAM 256 GB RO...," 94,900 INR", one INR, None,4.8
188, 189, Apple iPad Pro 2020 (2nd Generation) 6 GB RAM 512 GB RO...," 98,900 INR", one INR, None,4.8
189, 190, Apple ipad Mini (2019) 256 GB ROM 7.9 inch with Wi-Fi O...," 46,900 INR"," 48,900 INR", 4% off,4.7
190, 191, Apple iPad (7th Gen) 32 GB ROM 10.2 inch with Wi-Fi+4G ...," 38,900 INR"," 40,900 INR", 4% off,4.7
191, 192, Apple iPad Pro 2020 (2nd Generation) 6 GB RAM 1 TB ROM ...," 1,16,900 INR", one INR, None,4.8
192, 193, Apple iPad Pro 2020 (4th Generation) 6 GB RAM 512 GB RO...," 1,30,900 INR", one INR, None,4.8
193, 194, Apple iPad Pro 2020 (2nd Generation) 6 GB RAM 512 GB RO...," 98,900 INR", one INR, None,4.8
194, 195, Apple iPad Pro 2020 (4th Generation) 6 GB RAM 512 GB RO...," 1,30,900 INR", one INR, None,4.8
195, 196, Apple iPad Pro 2020 (2nd Generation) 6 GB RAM 512 GB RO...," 1,12,900 INR", one INR, None,4.8
196, 197, Apple iPad Pro 2020 (4th Generation) 6 GB RAM 1 TB ROM ...," 1,48,900 INR", one INR, None,4.8
197, 198, Apple iPad Pro 2020 (2nd Generation) 6 GB RAM 512 GB RO...," 1,12,900 INR", one INR, None,4.8
198, 199, Apple iPad Pro 2020 (2nd Generation) 6 GB RAM 1 TB ROM ...," 1,30,900 INR", one INR, None,4.8
199, 200, Apple iPad Pro 2020 (2nd Generation) 6 GB RAM 1 TB ROM ...," 1,16,900 INR", one INR, None,4.8
200, 201, Apple iPad (7th Gen) 32 GB ROM 10.2 inch with Wi-Fi Onl...," 25,900 INR"," 29,900 INR", 13% off,4.7
201, 202, Apple iPad (7th Gen) 128 GB ROM 10.2 inch with Wi-Fi On...," 33,900 INR"," 37,900 INR", 10% off,4.7
202, 203, Apple iPad (7th Gen) 128 GB ROM 10.2 inch with Wi-Fi On...," 33,900 INR"," 35,200 INR", 3% off,4.7
203, 204, Apple iPad (7th Gen) 32 GB ROM 10.2 inch with Wi-Fi Onl...," 25,900 INR"," 29,900 INR", 13% off,4.7
204, 205, Apple ipad Mini (2019) 64 GB ROM 7.9 inch with Wi-Fi On...," 32,900 INR"," 34,900 INR", 5% off,4.7
205, 206, Apple iPad Air 64 GB ROM 10.5 inch with Wi-Fi Only (Spa...," 41,990 INR"," 44,900 INR", 6% off,4.7
206, 207, Apple iPad (7th Gen) 32 GB ROM 10.2 inch with Wi-Fi Onl...," 25,900 INR"," 29,900 INR", 13% off,4.7
207, 208, Apple ipad Mini (2019) 64 GB ROM 7.9 inch with Wi-Fi On...," 32,900 INR"," 34,900 INR", 5% off,4.7
208, 209, Apple iPad (7th Gen) 128 GB ROM 10.2 inch with Wi-Fi On...," 33,900 INR"," 35,200 INR", 3% off,4.7
209, 210, Apple iPad Air 64 GB ROM 10.5 inch with Wi-Fi Only (Sil...," 44,900 INR", one INR, None,4.7
210, 211, Apple iPad Air 256 GB ROM 10.5 inch with Wi-Fi Only (Sp...," 54,900 INR"," 58,900 INR", 6% off,4.7
211, 212, Apple ipad Mini (2019) 64 GB ROM 7.9 inch with Wi-Fi On...," 32,900 INR"," 34,900 INR", 5% off,4.7
212, 213, Apple iPad (7th Gen) 128 GB ROM 10.2 inch with Wi-Fi+4G...," 46,900 INR"," 48,900 INR", 4% off,4.7
213, 214, Apple iPad (7th Gen) 128 GB ROM 10.2 inch with Wi-Fi+4G...," 46,900 INR"," 48,900 INR", 4% off,4.7
214, 215, Apple iPad (7th Gen) 128 GB ROM 10.2 inch with Wi-Fi+4G...," 46,900 INR"," 48,900 INR", 4% off,4.7
215, 216, Apple ipad Mini (2019) 256 GB ROM 7.9 inch with Wi-Fi O...," 46,900 INR"," 48,900 INR", 4% off,4.7
216, 217, Apple iPad (7th Gen) 32 GB ROM 10.2 inch with Wi-Fi+4G ...," 38,900 INR"," 40,900 INR", 4% off,4.7
217, 218, Apple iPad (7th Gen) 32 GB ROM 10.2 inch with Wi-Fi+4G ...," 38,900 INR"," 40,900 INR", 4% off,4.7
218, 219, Apple ipad Mini (2019) 256 GB ROM 7.9 inch with Wi-Fi+4...," 54,900 INR"," 59,900 INR", 8% off,4.7
219, 220, Apple ipad Mini (2019) 64 GB ROM 7.9 inch with Wi-Fi+4G...," 43,900 INR"," 45,900 INR", 4% off,4.7
220, 221, Apple ipad Mini (2019) 256 GB ROM 7.9 inch with Wi-Fi+4...," 54,900 INR"," 59,900 INR", 8% off,4.7
221, 222, Apple ipad Mini (2019) 64 GB ROM 7.9 inch with Wi-Fi+4G...," 43,900 INR"," 45,900 INR", 4% off,4.7
222, 223, Apple ipad Mini (2019) 256 GB ROM 7.9 inch with Wi-Fi O...," 46,900 INR"," 48,900 INR", 4% off,4.7
223, 224, Apple iPad Air 256 GB ROM 10.5 inch with Wi-Fi Only (Si...," 56,900 INR"," 58,900 INR", 3% off,4.7
224, 225, Apple iPad Air 64 GB ROM 10.5 inch with Wi-Fi Only (Gol...," 44,900 INR", one INR, None,4.7
225, 226, Apple ipad Mini (2019) 256 GB ROM 7.9 inch with Wi-Fi+4...," 54,900 INR"," 59,900 INR", 8% off,4.7
226, 227, Apple ipad Mini (2019) 64 GB ROM 7.9 inch with Wi-Fi+4G...," 43,900 INR"," 45,900 INR", 4% off,4.7
227, 228, Apple iPad Pro 2020 (2nd Generation) 6 GB RAM 256 GB RO...," 94,900 INR", one INR, None,4.8
228, 229, Apple iPad Pro 2020 (2nd Generation) 6 GB RAM 512 GB RO...," 98,900 INR", one INR, None,4.8
229, 230, Apple ipad Mini (2019) 256 GB ROM 7.9 inch with Wi-Fi O...," 46,900 INR"," 48,900 INR", 4% off,4.7
230, 231, Apple iPad (7th Gen) 32 GB ROM 10.2 inch with Wi-Fi+4G ...," 38,900 INR"," 40,900 INR", 4% off,4.7
231, 232, Apple iPad Pro 2020 (2nd Generation) 6 GB RAM 1 TB ROM ...," 1,16,900 INR", one INR, None,4.8
232, 233, Apple iPad Pro 2020 (4th Generation) 6 GB RAM 512 GB RO...," 1,30,900 INR", one INR, None,4.8
233, 234, Apple iPad Pro 2020 (2nd Generation) 6 GB RAM 512 GB RO...," 98,900 INR", one INR, None,4.8
234, 235, Apple iPad Pro 2020 (4th Generation) 6 GB RAM 512 GB RO...," 1,30,900 INR", one INR, None,4.8
235, 236, Apple iPad Pro 2020 (2nd Generation) 6 GB RAM 512 GB RO...," 1,12,900 INR", one INR, None,4.8
236, 237, Apple iPad Pro 2020 (4th Generation) 6 GB RAM 1 TB ROM ...," 1,48,900 INR", one INR, None,4.8
237, 238, Apple iPad Pro 2020 (2nd Generation) 6 GB RAM 512 GB RO...," 1,12,900 INR", one INR, None,4.8
238, 239, Apple iPad Pro 2020 (2nd Generation) 6 GB RAM 1 TB ROM ...," 1,30,900 INR", one INR, None,4.8
239, 240, Apple iPad Pro 2020 (2nd Generation) 6 GB RAM 1 TB ROM ...," 1,16,900 INR", one INR, None,4.8
240, 241, Apple iPad (7th Gen) 32 GB ROM 10.2 inch with Wi-Fi Onl...," 25,900 INR"," 29,900 INR", 13% off,4.7
241, 242, Apple iPad (7th Gen) 128 GB ROM 10.2 inch with Wi-Fi On...," 33,900 INR"," 37,900 INR", 10% off,4.7
242, 243, Apple iPad (7th Gen) 128 GB ROM 10.2 inch with Wi-Fi On...," 33,900 INR"," 35,200 INR", 3% off,4.7
243, 244, Apple iPad (7th Gen) 32 GB ROM 10.2 inch with Wi-Fi Onl...," 25,900 INR"," 29,900 INR", 13% off,4.7
244, 245, Apple ipad Mini (2019) 64 GB ROM 7.9 inch with Wi-Fi On...," 32,900 INR"," 34,900 INR", 5% off,4.7
245, 246, Apple iPad Air 64 GB ROM 10.5 inch with Wi-Fi Only (Spa...," 41,990 INR"," 44,900 INR", 6% off,4.7
246, 247, Apple iPad (7th Gen) 32 GB ROM 10.2 inch with Wi-Fi Onl...," 25,900 INR"," 29,900 INR", 13% off,4.7
247, 248, Apple ipad Mini (2019) 64 GB ROM 7.9 inch with Wi-Fi On...," 32,900 INR"," 34,900 INR", 5% off,4.7
248, 249, Apple iPad (7th Gen) 128 GB ROM 10.2 inch with Wi-Fi On...," 33,900 INR"," 35,200 INR", 3% off,4.7
249, 250, Apple iPad Air 64 GB ROM 10.5 inch with Wi-Fi Only (Sil...," 44,900 INR", one INR, None,4.7
250, 251, Apple iPad Air 256 GB ROM 10.5 inch with Wi-Fi Only (Sp...," 54,900 INR"," 58,900 INR", 6% off,4.7
251, 252, Apple iPad (7th Gen) 128 GB ROM 10.2 inch with Wi-Fi+4G...," 46,900 INR"," 48,900 INR", 4% off,4.7
252, 253, Apple ipad Mini (2019) 64 GB ROM 7.9 inch with Wi-Fi On...," 32,900 INR"," 34,900 INR", 5% off,4.7
253, 254, Apple iPad (7th Gen) 128 GB ROM 10.2 inch with Wi-Fi+4G...," 46,900 INR"," 48,900 INR", 4% off,4.7
254, 255, Apple iPad (7th Gen) 128 GB ROM 10.2 inch with Wi-Fi+4G...," 46,900 INR"," 48,900 INR", 4% off,4.7
255, 256, Apple iPad (7th Gen) 32 GB ROM 10.2 inch with Wi-Fi+4G ...," 38,900 INR"," 40,900 INR", 4% off,4.7
256, 257, Apple ipad Mini (2019) 256 GB ROM 7.9 inch with Wi-Fi O...," 46,900 INR"," 48,900 INR", 4% off,4.7
257, 258, Apple ipad Mini (2019) 256 GB ROM 7.9 inch with Wi-Fi+4...," 54,900 INR"," 59,900 INR", 8% off,4.7
258, 259, Apple iPad (7th Gen) 32 GB ROM 10.2 inch with Wi-Fi+4G ...," 38,900 INR"," 40,900 INR", 4% off,4.7
259, 260, Apple ipad Mini (2019) 64 GB ROM 7.9 inch with Wi-Fi+4G...," 43,900 INR"," 45,900 INR", 4% off,4.7
260, 261, Apple ipad Mini (2019) 64 GB ROM 7.9 inch with Wi-Fi+4G...," 43,900 INR"," 45,900 INR", 4% off,4.7
261, 262, Apple ipad Mini (2019) 256 GB ROM 7.9 inch with Wi-Fi+4...," 54,900 INR"," 59,900 INR", 8% off,4.7
262, 263, Apple iPad Air 256 GB ROM 10.5 inch with Wi-Fi Only (Si...," 56,900 INR"," 58,900 INR", 3% off,4.7
263, 264, Apple ipad Mini (2019) 256 GB ROM 7.9 inch with Wi-Fi O...," 46,900 INR"," 48,900 INR", 4% off,4.7
264, 265, Apple ipad Mini (2019) 256 GB ROM 7.9 inch with Wi-Fi+4...," 54,900 INR"," 59,900 INR", 8% off,4.7
265, 266, Apple iPad Air 64 GB ROM 10.5 inch with Wi-Fi Only (Gol...," 44,900 INR", one INR, None,4.7
266, 267, Apple ipad Mini (2019) 64 GB ROM 7.9 inch with Wi-Fi+4G...," 43,900 INR"," 45,900 INR", 4% off,4.7
267, 268, Apple iPad Pro 2020 (2nd Generation) 6 GB RAM 256 GB RO...," 94,900 INR", one INR, None,4.8
268, 269, Apple ipad Mini (2019) 256 GB ROM 7.9 inch with Wi-Fi O...," 46,900 INR"," 48,900 INR", 4% off,4.7
269, 270, Apple iPad Pro 2020 (2nd Generation) 6 GB RAM 512 GB RO...," 98,900 INR", one INR, None,4.8
270, 271, Apple iPad (7th Gen) 32 GB ROM 10.2 inch with Wi-Fi+4G ...," 38,900 INR"," 40,900 INR", 4% off,4.7
271, 272, Apple iPad Pro 2020 (4th Generation) 6 GB RAM 512 GB RO...," 1,30,900 INR", one INR, None,4.8
272, 273, Apple iPad Pro 2020 (2nd Generation) 6 GB RAM 1 TB ROM ...," 1,16,900 INR", one INR, None,4.8
273, 274, Apple iPad Pro 2020 (2nd Generation) 6 GB RAM 512 GB RO...," 98,900 INR", one INR, None,4.8
274, 275, Apple iPad Pro 2020 (4th Generation) 6 GB RAM 512 GB RO...," 1,30,900 INR", one INR, None,4.8
275, 276, Apple iPad Pro 2020 (2nd Generation) 6 GB RAM 512 GB RO...," 1,12,900 INR", one INR, None,4.8
276, 277, Apple iPad Pro 2020 (4th Generation) 6 GB RAM 1 TB ROM ...," 1,48,900 INR", one INR, None,4.8
277, 278, Apple iPad Pro 2020 (2nd Generation) 6 GB RAM 512 GB RO...," 1,12,900 INR", one INR, None,4.8
278, 279, Apple iPad Pro 2020 (2nd Generation) 6 GB RAM 1 TB ROM ...," 1,30,900 INR", one INR, None,4.8
279, 280, Apple iPad Pro 2020 (2nd Generation) 6 GB RAM 1 TB ROM ...," 1,16,900 INR", one INR, None,4.8
280, 281, Apple iPad (7th Gen) 32 GB ROM 10.2 inch with Wi-Fi Onl...," 25,900 INR"," 29,900 INR", 13% off,4.7
281, 282, Apple iPad (7th Gen) 128 GB ROM 10.2 inch with Wi-Fi On...," 33,900 INR"," 37,900 INR", 10% off,4.7
282, 283, Apple iPad (7th Gen) 128 GB ROM 10.2 inch with Wi-Fi On...," 33,900 INR"," 35,200 INR", 3% off,4.7
283, 284, Apple iPad (7th Gen) 32 GB ROM 10.2 inch with Wi-Fi Onl...," 25,900 INR"," 29,900 INR", 13% off,4.7
284, 285, Apple ipad Mini (2019) 64 GB ROM 7.9 inch with Wi-Fi On...," 32,900 INR"," 34,900 INR", 5% off,4.7
285, 286, Apple iPad Air 64 GB ROM 10.5 inch with Wi-Fi Only (Spa...," 41,990 INR"," 44,900 INR", 6% off,4.7
286, 287, Apple iPad (7th Gen) 32 GB ROM 10.2 inch with Wi-Fi Onl...," 25,900 INR"," 29,900 INR", 13% off,4.7
287, 288, Apple ipad Mini (2019) 64 GB ROM 7.9 inch with Wi-Fi On...," 32,900 INR"," 34,900 INR", 5% off,4.7
288, 289, Apple iPad (7th Gen) 128 GB ROM 10.2 inch with Wi-Fi On...," 33,900 INR"," 35,200 INR", 3% off,4.7
289, 290, Apple iPad Air 64 GB ROM 10.5 inch with Wi-Fi Only (Sil...," 44,900 INR", one INR, None,4.7
290, 291, Apple iPad Air 256 GB ROM 10.5 inch with Wi-Fi Only (Sp...," 54,900 INR"," 58,900 INR", 6% off,4.7
291, 292, Apple iPad (7th Gen) 128 GB ROM 10.2 inch with Wi-Fi+4G...," 46,900 INR"," 48,900 INR", 4% off,4.7
292, 293, Apple ipad Mini (2019) 64 GB ROM 7.9 inch with Wi-Fi On...," 32,900 INR"," 34,900 INR", 5% off,4.7
293, 294, Apple iPad (7th Gen) 128 GB ROM 10.2 inch with Wi-Fi+4G...," 46,900 INR"," 48,900 INR", 4% off,4.7
294, 295, Apple iPad (7th Gen) 128 GB ROM 10.2 inch with Wi-Fi+4G...," 46,900 INR"," 48,900 INR", 4% off,4.7
295, 296, Apple iPad (7th Gen) 32 GB ROM 10.2 inch with Wi-Fi+4G ...," 38,900 INR"," 40,900 INR", 4% off,4.7
296, 297, Apple ipad Mini (2019) 256 GB ROM 7.9 inch with Wi-Fi O...," 46,900 INR"," 48,900 INR", 4% off,4.7
297, 298, Apple ipad Mini (2019) 256 GB ROM 7.9 inch with Wi-Fi+4...," 54,900 INR"," 59,900 INR", 8% off,4.7
298, 299, Apple iPad (7th Gen) 32 GB ROM 10.2 inch with Wi-Fi+4G ...," 38,900 INR"," 40,900 INR", 4% off,4.7
299, 300, Apple ipad Mini (2019) 64 GB ROM 7.9 inch with Wi-Fi+4G...," 43,900 INR"," 45,900 INR", 4% off,4.7
300, 301, Apple ipad Mini (2019) 64 GB ROM 7.9 inch with Wi-Fi+4G...," 43,900 INR"," 45,900 INR", 4% off,4.7
301, 302, Apple ipad Mini (2019) 256 GB ROM 7.9 inch with Wi-Fi+4...," 54,900 INR"," 59,900 INR", 8% off,4.7
302, 303, Apple iPad Air 256 GB ROM 10.5 inch with Wi-Fi Only (Si...," 56,900 INR"," 58,900 INR", 3% off,4.7
303, 304, Apple ipad Mini (2019) 256 GB ROM 7.9 inch with Wi-Fi O...," 46,900 INR"," 48,900 INR", 4% off,4.7
304, 305, Apple ipad Mini (2019) 256 GB ROM 7.9 inch with Wi-Fi+4...," 54,900 INR"," 59,900 INR", 8% off,4.7
305, 306, Apple iPad Air 64 GB ROM 10.5 inch with Wi-Fi Only (Gol...," 44,900 INR", one INR, None,4.7
306, 307, Apple ipad Mini (2019) 64 GB ROM 7.9 inch with Wi-Fi+4G...," 43,900 INR"," 45,900 INR", 4% off,4.7
307, 308, Apple iPad Pro 2020 (2nd Generation) 6 GB RAM 256 GB RO...," 94,900 INR", one INR, None,4.8
308, 309, Apple ipad Mini (2019) 256 GB ROM 7.9 inch with Wi-Fi O...," 46,900 INR"," 48,900 INR", 4% off,4.7
309, 310, Apple iPad Pro 2020 (2nd Generation) 6 GB RAM 512 GB RO...," 98,900 INR", one INR, None,4.8
310, 311, Apple iPad (7th Gen) 32 GB ROM 10.2 inch with Wi-Fi+4G ...," 38,900 INR"," 40,900 INR", 4% off,4.7
311, 312, Apple iPad Pro 2020 (4th Generation) 6 GB RAM 512 GB RO...," 1,30,900 INR", one INR, None,4.8
312, 313, Apple iPad Pro 2020 (2nd Generation) 6 GB RAM 1 TB ROM ...," 1,16,900 INR", one INR, None,4.8
313, 314, Apple iPad Pro 2020 (2nd Generation) 6 GB RAM 512 GB RO...," 98,900 INR", one INR, None,4.8
314, 315, Apple iPad Pro 2020 (4th Generation) 6 GB RAM 512 GB RO...," 1,30,900 INR", one INR, None,4.8
315, 316, Apple iPad Pro 2020 (2nd Generation) 6 GB RAM 512 GB RO...," 1,12,900 INR", one INR, None,4.8
316, 317, Apple iPad Pro 2020 (4th Generation) 6 GB RAM 1 TB ROM ...," 1,48,900 INR", one INR, None,4.8
317, 318, Apple iPad Pro 2020 (2nd Generation) 6 GB RAM 512 GB RO...," 1,12,900 INR", one INR, None,4.8
318, 319, Apple iPad Pro 2020 (2nd Generation) 6 GB RAM 1 TB ROM ...," 1,30,900 INR", one INR, None,4.8
319, 320, Apple iPad Pro 2020 (2nd Generation) 6 GB RAM 1 TB ROM ...," 1,16,900 INR", one INR, None,4.8
320, 321, Apple iPad (7th Gen) 32 GB ROM 10.2 inch with Wi-Fi Onl...," 25,900 INR"," 29,900 INR", 13% off,4.7
321, 322, Apple iPad (7th Gen) 128 GB ROM 10.2 inch with Wi-Fi On...," 33,900 INR"," 37,900 INR", 10% off,4.7
322, 323, Apple iPad (7th Gen) 128 GB ROM 10.2 inch with Wi-Fi On...," 33,900 INR"," 35,200 INR", 3% off,4.7
323, 324, Apple iPad (7th Gen) 32 GB ROM 10.2 inch with Wi-Fi Onl...," 25,900 INR"," 29,900 INR", 13% off,4.7
324, 325, Apple ipad Mini (2019) 64 GB ROM 7.9 inch with Wi-Fi On...," 32,900 INR"," 34,900 INR", 5% off,4.7
325, 326, Apple iPad Air 64 GB ROM 10.5 inch with Wi-Fi Only (Spa...," 41,990 INR"," 44,900 INR", 6% off,4.7
326, 327, Apple iPad (7th Gen) 32 GB ROM 10.2 inch with Wi-Fi Onl...," 25,900 INR"," 29,900 INR", 13% off,4.7
327, 328, Apple ipad Mini (2019) 64 GB ROM 7.9 inch with Wi-Fi On...," 32,900 INR"," 34,900 INR", 5% off,4.7
328, 329, Apple iPad (7th Gen) 128 GB ROM 10.2 inch with Wi-Fi On...," 33,900 INR"," 35,200 INR", 3% off,4.7
329, 330, Apple iPad Air 64 GB ROM 10.5 inch with Wi-Fi Only (Sil...," 44,900 INR", one INR, None,4.7
330, 331, Apple iPad Air 256 GB ROM 10.5 inch with Wi-Fi Only (Sp...," 54,900 INR"," 58,900 INR", 6% off,4.7
331, 332, Apple ipad Mini (2019) 64 GB ROM 7.9 inch with Wi-Fi On...," 32,900 INR"," 34,900 INR", 5% off,4.7
332, 333, Apple iPad (7th Gen) 128 GB ROM 10.2 inch with Wi-Fi+4G...," 46,900 INR"," 48,900 INR", 4% off,4.7
333, 334, Apple iPad (7th Gen) 128 GB ROM 10.2 inch with Wi-Fi+4G...," 46,900 INR"," 48,900 INR", 4% off,4.7
334, 335, Apple iPad (7th Gen) 128 GB ROM 10.2 inch with Wi-Fi+4G...," 46,900 INR"," 48,900 INR", 4% off,4.7
335, 336, Apple ipad Mini (2019) 256 GB ROM 7.9 inch with Wi-Fi O...," 46,900 INR"," 48,900 INR", 4% off,4.7
336, 337, Apple iPad (7th Gen) 32 GB ROM 10.2 inch with Wi-Fi+4G ...," 38,900 INR"," 40,900 INR", 4% off,4.7
337, 338, Apple iPad (7th Gen) 32 GB ROM 10.2 inch with Wi-Fi+4G ...," 38,900 INR"," 40,900 INR", 4% off,4.7
338, 339, Apple ipad Mini (2019) 256 GB ROM 7.9 inch with Wi-Fi+4...," 54,900 INR"," 59,900 INR", 8% off,4.7
339, 340, Apple ipad Mini (2019) 64 GB ROM 7.9 inch with Wi-Fi+4G...," 43,900 INR"," 45,900 INR", 4% off,4.7
340, 341, Apple ipad Mini (2019) 256 GB ROM 7.9 inch with Wi-Fi+4...," 54,900 INR"," 59,900 INR", 8% off,4.7
341, 342, Apple ipad Mini (2019) 64 GB ROM 7.9 inch with Wi-Fi+4G...," 43,900 INR"," 45,900 INR", 4% off,4.7
342, 343, Apple ipad Mini (2019) 256 GB ROM 7.9 inch with Wi-Fi O...," 46,900 INR"," 48,900 INR", 4% off,4.7
343, 344, Apple iPad Air 256 GB ROM 10.5 inch with Wi-Fi Only (Si...," 56,900 INR"," 58,900 INR", 3% off,4.7
344, 345, Apple iPad Air 64 GB ROM 10.5 inch with Wi-Fi Only (Gol...," 44,900 INR", one INR, None,4.7
345, 346, Apple ipad Mini (2019) 256 GB ROM 7.9 inch with Wi-Fi+4...," 54,900 INR"," 59,900 INR", 8% off,4.7
346, 347, Apple ipad Mini (2019) 64 GB ROM 7.9 inch with Wi-Fi+4G...," 43,900 INR"," 45,900 INR", 4% off,4.7
347, 348, Apple iPad Pro 2020 (2nd Generation) 6 GB RAM 256 GB RO...," 94,900 INR", one INR, None,4.8
348, 349, Apple iPad Pro 2020 (2nd Generation) 6 GB RAM 512 GB RO...," 98,900 INR", one INR, None,4.8
349, 350, Apple ipad Mini (2019) 256 GB ROM 7.9 inch with Wi-Fi O...," 46,900 INR"," 48,900 INR", 4% off,4.7
350, 351, Apple iPad (7th Gen) 32 GB ROM 10.2 inch with Wi-Fi+4G ...," 38,900 INR"," 40,900 INR", 4% off,4.7
351, 352, Apple iPad Pro 2020 (2nd Generation) 6 GB RAM 1 TB ROM ...," 1,16,900 INR", one INR, None,4.8
352, 353, Apple iPad Pro 2020 (4th Generation) 6 GB RAM 512 GB RO...," 1,30,900 INR", one INR, None,4.8
353, 354, Apple iPad Pro 2020 (2nd Generation) 6 GB RAM 512 GB RO...," 98,900 INR", one INR, None,4.8
354, 355, Apple iPad Pro 2020 (4th Generation) 6 GB RAM 512 GB RO...," 1,30,900 INR", one INR, None,4.8
355, 356, Apple iPad Pro 2020 (2nd Generation) 6 GB RAM 512 GB RO...," 1,12,900 INR", one INR, None,4.8
356, 357, Apple iPad Pro 2020 (4th Generation) 6 GB RAM 1 TB ROM ...," 1,48,900 INR", one INR, None,4.8
357, 358, Apple iPad Pro 2020 (2nd Generation) 6 GB RAM 512 GB RO...," 1,12,900 INR", one INR, None,4.8
358, 359, Apple iPad Pro 2020 (2nd Generation) 6 GB RAM 1 TB ROM ...," 1,30,900 INR", one INR, None,4.8
359, 360, Apple iPad Pro 2020 (2nd Generation) 6 GB RAM 1 TB ROM ...," 1,16,900 INR", one INR, None,4.8
360, 361, Apple iPad (7th Gen) 32 GB ROM 10.2 inch with Wi-Fi Onl...," 25,900 INR"," 29,900 INR", 13% off,4.7
361, 362, Apple iPad (7th Gen) 128 GB ROM 10.2 inch with Wi-Fi On...," 33,900 INR"," 37,900 INR", 10% off,4.7
362, 363, Apple iPad (7th Gen) 128 GB ROM 10.2 inch with Wi-Fi On...," 33,900 INR"," 35,200 INR", 3% off,4.7
363, 364, Apple iPad (7th Gen) 32 GB ROM 10.2 inch with Wi-Fi Onl...," 25,900 INR"," 29,900 INR", 13% off,4.7
364, 365, Apple ipad Mini (2019) 64 GB ROM 7.9 inch with Wi-Fi On...," 32,900 INR"," 34,900 INR", 5% off,4.7
365, 366, Apple iPad Air 64 GB ROM 10.5 inch with Wi-Fi Only (Spa...," 41,990 INR"," 44,900 INR", 6% off,4.7
366, 367, Apple iPad (7th Gen) 32 GB ROM 10.2 inch with Wi-Fi Onl...," 25,900 INR"," 29,900 INR", 13% off,4.7
367, 368, Apple ipad Mini (2019) 64 GB ROM 7.9 inch with Wi-Fi On...," 32,900 INR"," 34,900 INR", 5% off,4.7
368, 369, Apple iPad (7th Gen) 128 GB ROM 10.2 inch with Wi-Fi On...," 33,900 INR"," 35,200 INR", 3% off,4.7
369, 370, Apple iPad Air 64 GB ROM 10.5 inch with Wi-Fi Only (Sil...," 44,900 INR", one INR, None,4.7
370, 371, Apple iPad Air 256 GB ROM 10.5 inch with Wi-Fi Only (Sp...," 54,900 INR"," 58,900 INR", 6% off,4.7
371, 372, Apple ipad Mini (2019) 64 GB ROM 7.9 inch with Wi-Fi On...," 32,900 INR"," 34,900 INR", 5% off,4.7
372, 373, Apple iPad (7th Gen) 128 GB ROM 10.2 inch with Wi-Fi+4G...," 46,900 INR"," 48,900 INR", 4% off,4.7
373, 374, Apple iPad (7th Gen) 128 GB ROM 10.2 inch with Wi-Fi+4G...," 46,900 INR"," 48,900 INR", 4% off,4.7
374, 375, Apple iPad (7th Gen) 128 GB ROM 10.2 inch with Wi-Fi+4G...," 46,900 INR"," 48,900 INR", 4% off,4.7
375, 376, Apple ipad Mini (2019) 256 GB ROM 7.9 inch with Wi-Fi O...," 46,900 INR"," 48,900 INR", 4% off,4.7
376, 377, Apple iPad (7th Gen) 32 GB ROM 10.2 inch with Wi-Fi+4G ...," 38,900 INR"," 40,900 INR", 4% off,4.7
377, 378, Apple iPad (7th Gen) 32 GB ROM 10.2 inch with Wi-Fi+4G ...," 38,900 INR"," 40,900 INR", 4% off,4.7
378, 379, Apple ipad Mini (2019) 256 GB ROM 7.9 inch with Wi-Fi+4...," 54,900 INR"," 59,900 INR", 8% off,4.7
379, 380, Apple ipad Mini (2019) 64 GB ROM 7.9 inch with Wi-Fi+4G...," 43,900 INR"," 45,900 INR", 4% off,4.7
380, 381, Apple ipad Mini (2019) 256 GB ROM 7.9 inch with Wi-Fi+4...," 54,900 INR"," 59,900 INR", 8% off,4.7
381, 382, Apple ipad Mini (2019) 64 GB ROM 7.9 inch with Wi-Fi+4G...," 43,900 INR"," 45,900 INR", 4% off,4.7
382, 383, Apple ipad Mini (2019) 256 GB ROM 7.9 inch with Wi-Fi O...," 46,900 INR"," 48,900 INR", 4% off,4.7
383, 384, Apple iPad Air 256 GB ROM 10.5 inch with Wi-Fi Only (Si...," 56,900 INR"," 58,900 INR", 3% off,4.7
384, 385, Apple iPad Air 64 GB ROM 10.5 inch with Wi-Fi Only (Gol...," 44,900 INR", one INR, None,4.7
385, 386, Apple ipad Mini (2019) 256 GB ROM 7.9 inch with Wi-Fi+4...," 54,900 INR"," 59,900 INR", 8% off,4.7
386, 387, Apple ipad Mini (2019) 64 GB ROM 7.9 inch with Wi-Fi+4G...," 43,900 INR"," 45,900 INR", 4% off,4.7
387, 388, Apple iPad Pro 2020 (2nd Generation) 6 GB RAM 256 GB RO...," 94,900 INR", one INR, None,4.8
388, 389, Apple iPad Pro 2020 (2nd Generation) 6 GB RAM 512 GB RO...," 98,900 INR", one INR, None,4.8
389, 390, Apple ipad Mini (2019) 256 GB ROM 7.9 inch with Wi-Fi O...," 46,900 INR"," 48,900 INR", 4% off,4.7
390, 391, Apple iPad (7th Gen) 32 GB ROM 10.2 inch with Wi-Fi+4G ...," 38,900 INR"," 40,900 INR", 4% off,4.7
391, 392, Apple iPad Pro 2020 (2nd Generation) 6 GB RAM 1 TB ROM ...," 1,16,900 INR", one INR, None,4.8
392, 393, Apple iPad Pro 2020 (4th Generation) 6 GB RAM 512 GB RO...," 1,30,900 INR", one INR, None,4.8
393, 394, Apple iPad Pro 2020 (2nd Generation) 6 GB RAM 512 GB RO...," 98,900 INR", one INR, None,4.8
394, 395, Apple iPad Pro 2020 (4th Generation) 6 GB RAM 512 GB RO...," 1,30,900 INR", one INR, None,4.8
395, 396, Apple iPad Pro 2020 (2nd Generation) 6 GB RAM 512 GB RO...," 1,12,900 INR", one INR, None,4.8
396, 397, Apple iPad Pro 2020 (4th Generation) 6 GB RAM 1 TB ROM ...," 1,48,900 INR", one INR, None,4.8
397, 398, Apple iPad Pro 2020 (2nd Generation) 6 GB RAM 512 GB RO...," 1,12,900 INR", one INR, None,4.8
398, 399, Apple iPad Pro 2020 (2nd Generation) 6 GB RAM 1 TB ROM ...," 1,30,900 INR", one INR, None,4.8
399, 400, Apple iPad Pro 2020 (2nd Generation) 6 GB RAM 1 TB ROM ...," 1,16,900 INR", one INR, None,4.8
